venue_type,name,total_reviews,deleted_reviews_min,deleted_reviews_max,percentage_deleted,current_star_rating,real_score,review_notice,url,address,deleted_reviews_estimate,status,error,scraped_at
restaurant,Zimt & Zucker,1116,250,250,18.3,4.5,3.8594, 250 Bewertungen aufgrund von Beschwerden wegen Diffamierung entfernt.,https://www.google.de/maps/place/Zimt+%26+Zucker/data=!4m7!3m6!1s0x4799db4db0bb0acd:0x59ac91ff3eefec5b!8m2!3d48.7688484!4d9.1753483!16s%2Fg%2F1tgj7srk!19sChIJzQq7sE3bmUcRW-zvPv-RrFk?authuser=0&hl=de&rclk=1,,250,ok,,2026-05-07T21:29:50.482Z
restaurant,Greek Cuisine,587,51,100,11.4,4.8,4.3669, 51 bis 100 Bewertungen aufgrund von Beschwerden wegen Diffamierung entfernt.,https://www.google.de/maps/place/Greek+Cuisine/data=!4m7!3m6!1s0x4799dbecd4473287:0xecfae775eda80306!8m2!3d48.7730486!4d9.177907!16s%2Fg%2F11jn2dj07q!19sChIJhzJH1OzbmUcRBgOo7XXn-uw?authuser=0&hl=de&rclk=1,,75.5,ok,,2026-05-07T23:30:49.731Z
restaurant,huginn café & bar,349,21,50,9.23,4.8,4.4492, 21 bis 50 Bewertungen aufgrund von Beschwerden wegen Diffamierung entfernt.,https://www.google.de/maps/place/huginn+caf%C3%A9+%26+bar/data=!4m7!3m6!1s0x4799dbbaaaea7899:0x35781fe101182be1!8m2!3d48.7757933!4d9.1735241!16s%2Fg%2F11jdnl2txj!19sChIJmXjqqrrbmUcR4SsYAeEfeDU?authuser=0&hl=de&rclk=1,,35.5,ok,,2026-05-07T23:30:39.328Z
restaurant,Cafe Hegel,798,51,100,8.64,5,4.6543, 51 bis 100 Bewertungen aufgrund von Beschwerden wegen Diffamierung entfernt.,https://www.google.de/maps/place/Cafe+Hegel/data=!4m7!3m6!1s0x4799db2316cd3c4f:0xdf2d40a03f073bbf!8m2!3d48.7731875!4d9.1779949!16s%2Fg%2F11tfzb_1xq!19sChIJTzzNFiPbmUcRvzsHP6BALd8?authuser=0&hl=de&rclk=1,,75.5,ok,,2026-05-07T21:29:55.190Z
restaurant,TATTI Stay & See,807,51,100,8.56,4.5,4.2006, 51 bis 100 Bewertungen aufgrund von Beschwerden wegen Diffamierung entfernt.,https://www.google.de/maps/place/TATTI+Stay+%26+See/data=!4m7!3m6!1s0x4799db49ad56c0e9:0x593db45c624f39b!8m2!3d48.7743858!4d9.1772906!16s%2Fg%2F11bw4z9vts!19sChIJ6cBWrUnbmUcRm_MkxkXbkwU?authuser=0&hl=de&rclk=1,,75.5,ok,,2026-05-07T21:28:43.990Z
restaurant,Don Via Restaurant Stuttgart,995,51,100,7.05,4.7,4.439, 51 bis 100 Bewertungen aufgrund von Beschwerden wegen Diffamierung entfernt.,https://www.google.de/maps/place/Don+Via+Restaurant+Stuttgart/data=!4m7!3m6!1s0x4799db6f31561689:0x39b36c761fae146d!8m2!3d48.7771087!4d9.1733872!16s%2Fg%2F11h9jf1604!19sChIJiRZWMW_bmUcRbRSuH3Zsszk?authuser=0&hl=de&rclk=1,,75.5,ok,,2026-05-07T21:27:54.818Z
restaurant,Banh Mi & Bubbles,512,21,50,6.48,4.7,4.4601, 21 bis 50 Bewertungen aufgrund von Beschwerden wegen Diffamierung entfernt.,https://www.google.de/maps/place/Banh+Mi+%26+Bubbles/data=!4m7!3m6!1s0x4799dba2c8bee78f:0xa23cc9a684c0da45!8m2!3d48.7729772!4d9.1758502!16s%2Fg%2F11lkh8m1ns!19sChIJj-e-yKLbmUcRRdrAhKbJPKI?authuser=0&hl=de&rclk=1,,35.5,ok,,2026-05-07T21:28:17.764Z
restaurant,Herr Kächele Maultaschen und mehr,620,21,50,5.42,4.7,4.4996, 21 bis 50 Bewertungen aufgrund von Beschwerden wegen Diffamierung entfernt.,https://www.google.de/maps/place/Herr+K%C3%A4chele+Maultaschen+und+mehr/data=!4m7!3m6!1s0x4799dbd352865927:0xe85890b9fb5a75bc!8m2!3d48.775658!4d9.1775121!16s%2Fg%2F11f7ptsppd!19sChIJJ1mGUtPbmUcRvHVa-7mQWOg?authuser=0&hl=de&rclk=1,,35.5,ok,,2026-05-07T21:28:23.076Z
restaurant,WIP Sushi Lounge,634,21,50,5.3,4.8,4.5985, 21 bis 50 Bewertungen aufgrund von Beschwerden wegen Diffamierung entfernt.,https://www.google.de/maps/place/WIP+Sushi+Lounge/data=!4m7!3m6!1s0x4799c4b52d9a89db:0x322b676810900861!8m2!3d48.7743772!4d9.1822775!16s%2Fg%2F11b77pyz21!19sChIJ24maLbXEmUcRYQiQEGhnKzI?authuser=0&hl=de&rclk=1,,35.5,ok,,2026-05-07T23:30:48.811Z
restaurant,Das Forró Haus,159,6,10,4.79,4.9,4.7132,Sechs bis zehn Bewertungen aufgrund von Beschwerden wegen Diffamierung entfernt.,https://www.google.de/maps/place/Das+Forr%C3%B3+Haus/data=!4m7!3m6!1s0x4799db80add1b803:0x8517c63f657d6a42!8m2!3d48.7623656!4d9.1580329!16s%2Fg%2F11fpmdls4d!19sChIJA7jRrYDbmUcRQmp9ZT_GF4U?authuser=0&hl=de&rclk=1,,8,ok,,2026-05-07T21:28:34.387Z
restaurant,Zum Becher,723,21,50,4.68,4.8,4.6221, 21 bis 50 Bewertungen aufgrund von Beschwerden wegen Diffamierung entfernt.,https://www.google.de/maps/place/Zum+Becher/data=!4m7!3m6!1s0x4799c4cba4a092ab:0x7398a7ec7e4d35b7!8m2!3d48.7793673!4d9.1871474!16s%2Fg%2F1v_nbgs1!19sChIJq5KgpMvEmUcRtzVNfuynmHM?authuser=0&hl=de&rclk=1,,35.5,ok,,2026-05-07T21:28:01.394Z
restaurant,Tayfun Kebap,734,21,50,4.61,4.6,4.4339, 21 bis 50 Bewertungen aufgrund von Beschwerden wegen Diffamierung entfernt.,https://www.google.de/maps/place/Tayfun+Kebap/data=!4m7!3m6!1s0x4799dbe2172ceb7d:0xf9c583b16cab8285!8m2!3d48.773154!4d9.1750764!16s%2Fg%2F11pcpxmqvc!19sChIJfessF-LbmUcRhYKrbLGDxfk?authuser=0&hl=de&rclk=1,,35.5,ok,,2026-05-07T21:28:24.805Z
restaurant,N14 Restaurant,766,21,50,4.43,4.6,4.4405, 21 bis 50 Bewertungen aufgrund von Beschwerden wegen Diffamierung entfernt.,https://www.google.de/maps/place/N14+Restaurant/data=!4m7!3m6!1s0x4799dba4388e7897:0x5080b2412c484c16!8m2!3d48.7739669!4d9.1775308!16s%2Fg%2F11r89twcsp!19sChIJl3iOOKTbmUcRFkxILEGygFA?authuser=0&hl=de&rclk=1,,35.5,ok,,2026-05-07T21:28:47.211Z
restaurant,Valle,3110,101,150,3.88,4.7,4.5565, 101 bis 150 Bewertungen aufgrund von Beschwerden wegen Diffamierung entfernt.,https://www.google.de/maps/place/Valle/data=!4m7!3m6!1s0x4799db31366a6a1b:0x6403c393e865f206!8m2!3d48.7823164!4d9.1759419!16s%2Fg%2F1tffc4hh!19sChIJG2pqNjHbmUcRBvJl6JPDA2Q?authuser=0&hl=de&rclk=1,,125.5,ok,,2026-05-07T21:28:48.157Z
restaurant,Ristorante La Commedia,892,21,50,3.83,5,4.8469, 21 bis 50 Bewertungen aufgrund von Beschwerden wegen Diffamierung entfernt.,https://www.google.de/maps/place/Ristorante+La+Commedia/data=!4m7!3m6!1s0x4799db37cca8b86d:0x1f3742a1a96ce40e!8m2!3d48.7779656!4d9.1731045!16s%2Fg%2F1tdfm6xy!19sChIJbbiozDfbmUcRDuRsqaFCNx8?authuser=0&hl=de&rclk=1,,35.5,ok,,2026-05-07T21:30:01.188Z
restaurant,Energetic life Restaurant,990,21,50,3.46,4.6,4.4754, 21 bis 50 Bewertungen aufgrund von Beschwerden wegen Diffamierung entfernt.,https://www.google.de/maps/place/Energetic+life+Restaurant/data=!4m7!3m6!1s0x4799dbf2d81ec2ed:0x156da0e31d6f0782!8m2!3d48.77577!4d9.17756!16s%2Fg%2F11rjbc4vcd!19sChIJ7cIe2PLbmUcRggdvHeOgbRU?authuser=0&hl=de&rclk=1,,35.5,ok,,2026-05-07T21:28:55.867Z
restaurant,Nesenbach Brauhaus & Eventlocation - Stuttgart,999,21,50,3.43,4.6,4.4765, 21 bis 50 Bewertungen aufgrund von Beschwerden wegen Diffamierung entfernt.,https://www.google.de/maps/place/Nesenbach+Brauhaus+%26+Eventlocation+-+Stuttgart/data=!4m7!3m6!1s0x4799db4abe4fc931:0xc23ee216d97d8a75!8m2!3d48.7760766!4d9.1802283!16s%2Fg%2F11g8dh6mkw!19sChIJMclPvkrbmUcRdYp92RbiPsI?authuser=0&hl=de&rclk=1,,35.5,ok,,2026-05-07T21:28:33.451Z
restaurant,Academie der Schönsten Künste Gastronomie / Stuttgart,1123,21,50,3.06,4.5,4.3927, 21 bis 50 Bewertungen aufgrund von Beschwerden wegen Diffamierung entfernt.,https://www.google.de/maps/place/Academie+der+Sch%C3%B6nsten+K%C3%BCnste+Gastronomie+%2F+Stuttgart/data=!4m7!3m6!1s0x4799c4b569599075:0x34e5cadd2abd0787!8m2!3d48.7753555!4d9.1841042!16s%2Fg%2F1tfk3d4s!19sChIJdZBZabXEmUcRhwe9Kt3K5TQ?authuser=0&hl=de&rclk=1,,35.5,ok,,2026-05-07T21:29:08.310Z
restaurant,doen doen® kebap,1173,21,50,2.94,4.8,4.6884, 21 bis 50 Bewertungen aufgrund von Beschwerden wegen Diffamierung entfernt.,https://www.google.de/maps/place/doen+doen%C2%AE+kebap/data=!4m7!3m6!1s0x4799dba7294f5e77:0x6ebf6b498b074553!8m2!3d48.7729042!4d9.177621!16s%2Fg%2F11sd_7820j!19sChIJd15PKafbmUcRU0UHi0lrv24?authuser=0&hl=de&rclk=1,,35.5,ok,,2026-05-07T21:28:49.108Z
restaurant,TA OS weinbar by Lausterer,534,11,20,2.82,4.6,4.4985, 11 bis 20 Bewertungen aufgrund von Beschwerden wegen Diffamierung entfernt.,https://www.google.de/maps/place/TA+OS+weinbar+by+Lausterer/data=!4m7!3m6!1s0x4799db4a61c3aae3:0xbd00f7ae2790e9d!8m2!3d48.77562!4d9.17895!16s%2Fg%2F1tfvy332!19sChIJ46rDYUrbmUcRnQ554noP0As?authuser=0&hl=de&rclk=1,,15.5,ok,,2026-05-07T21:28:23.955Z
restaurant,Carls Brauhaus,10483,250,250,2.33,4.5,4.4185, 250 Bewertungen aufgrund von Beschwerden wegen Diffamierung entfernt.,https://www.google.de/maps/place/Carls+Brauhaus/data=!4m7!3m6!1s0x4799db34ff6c6b77:0x90c6c1bff759b0aa!8m2!3d48.7794633!4d9.1799805!16s%2Fg%2F11bbrkxbmw!19sChIJd2ts_zTbmUcRqrBZ97_BxpA?authuser=0&hl=de&rclk=1,,250,ok,,2026-05-07T21:28:00.505Z
restaurant,Peeches im Bohnenviertel,175,2,5,1.96,5,4.9216,Zwei bis fünf Bewertungen aufgrund von Beschwerden wegen Diffamierung entfernt.,https://www.google.de/maps/place/Peeches+im+Bohnenviertel/data=!4m7!3m6!1s0x4799c4b4e1fd5567:0xc3a7c4e55e7c26b9!8m2!3d48.7738195!4d9.1835195!16s%2Fg%2F1tdxzvwc!19sChIJZ1X94bTEmUcRuSZ8XuXEp8M?authuser=0&hl=de&rclk=1,,3.5,ok,,2026-05-07T21:29:28.557Z
restaurant,Trollinger Stuttgart,1950,21,50,1.79,4.6,4.5356, 21 bis 50 Bewertungen aufgrund von Beschwerden wegen Diffamierung entfernt.,https://www.google.de/maps/place/Trollinger+Stuttgart/data=!4m7!3m6!1s0x4799db460d59e815:0x3ef7294babfe151e!8m2!3d48.7729679!4d9.1663983!16s%2Fg%2F1tdvt8j4!19sChIJFehZDUbbmUcRHhX-q0sp9z4?authuser=0&hl=de&rclk=1,,35.5,ok,,2026-05-07T21:28:04.851Z
restaurant,AMADEUS Restaurant & Bar,2022,21,50,1.73,4.3,4.2431, 21 bis 50 Bewertungen aufgrund von Beschwerden wegen Diffamierung entfernt.,https://www.google.de/maps/place/AMADEUS+Restaurant+%26+Bar/data=!4m7!3m6!1s0x4799db4ab2ed0705:0x792fa87131d4292a!8m2!3d48.77576!4d9.182181!16s%2Fg%2F1tj5ppyf!19sChIJBQftskrbmUcRKinUMXGoL3k?authuser=0&hl=de&rclk=1,,35.5,ok,,2026-05-07T21:28:40.401Z
restaurant,IL NUOVO POSITANO,964,11,20,1.58,4.5,4.4446, 11 bis 20 Bewertungen aufgrund von Beschwerden wegen Diffamierung entfernt.,https://www.google.de/maps/place/IL+NUOVO+POSITANO/data=!4m7!3m6!1s0x4799db49b00fc06d:0x888430186c1b77b0!8m2!3d48.7751878!4d9.1731855!16s%2Fg%2F1tf7r2mc!19sChIJbcAPsEnbmUcRsHcbbBgwhIg?authuser=0&hl=de&rclk=1,,15.5,ok,,2026-05-07T23:30:38.325Z
restaurant,Stuttgarter Ratskeller,1019,11,20,1.5,4.2,4.1521, 11 bis 20 Bewertungen aufgrund von Beschwerden wegen Diffamierung entfernt.,https://www.google.de/maps/place/Stuttgarter+Ratskeller/data=!4m7!3m6!1s0x4799db0881d6725f:0xe4ddc7329d90ab03!8m2!3d48.7751682!4d9.1776012!16s%2Fg%2F11qh37spc_!19sChIJX3LWgQjbmUcRA6uQnTLH3eQ?authuser=0&hl=de&rclk=1,,15.5,ok,,2026-05-07T23:30:50.773Z
restaurant,LIST Café & Vinothek,585,6,10,1.35,4.7,4.6501,Sechs bis zehn Bewertungen aufgrund von Beschwerden wegen Diffamierung entfernt.,https://www.google.de/maps/place/LIST+Caf%C3%A9+%26+Vinothek/data=!4m7!3m6!1s0x4799db53e17d8667:0xae9450fe4233b1b6!8m2!3d48.7633097!4d9.1737625!16s%2Fg%2F1tgdgywt!19sChIJZ4Z94VPbmUcRtrEzQv5QlK4?authuser=0&hl=de&rclk=1,,8,ok,,2026-05-07T21:28:43.067Z
restaurant,Platzhirsch,1148,11,20,1.33,4.7,4.6507, 11 bis 20 Bewertungen aufgrund von Beschwerden wegen Diffamierung entfernt.,https://www.google.de/maps/place/Platzhirsch/data=!4m7!3m6!1s0x4799db4bb9f7dc07:0xaba291b8793796b6!8m2!3d48.7736195!4d9.1770427!16s%2Fg%2F1thkw731!19sChIJB9z3uUvbmUcRtpY3ebiRoqs?authuser=0&hl=de&rclk=1,,15.5,ok,,2026-05-07T21:27:52.005Z
restaurant,Netzer,1508,11,20,1.02,4.5,4.4644, 11 bis 20 Bewertungen aufgrund von Beschwerden wegen Diffamierung entfernt.,https://www.google.de/maps/place/Netzer/data=!4m7!3m6!1s0x4799db463c897691:0x65b23ca17a82d04f!8m2!3d48.774036!4d9.1678099!16s%2Fg%2F11cmtrc5hq!19sChIJkXaJPEbbmUcRT9CCeqE8smU?authuser=0&hl=de&rclk=1,,15.5,ok,,2026-05-07T23:30:52.845Z
restaurant,5 Gourmet Restaurant & Wein Bar,1006,6,10,0.79,4.5,4.4724,Sechs bis zehn Bewertungen aufgrund von Beschwerden wegen Diffamierung entfernt.,https://www.google.de/maps/place/5+Gourmet+Restaurant+%26+Wein+Bar/data=!4m7!3m6!1s0x4799db3425297e11:0x9dd249c64847030b!8m2!3d48.7800979!4d9.1780863!16s%2Fg%2F1tp267b6!19sChIJEX4pJTTbmUcRCwNHSMZJ0p0?authuser=0&hl=de&rclk=1,,8,ok,,2026-05-07T21:28:30.553Z
restaurant,Alte Kanzlei Stuttgart,3589,11,20,0.43,4.5,4.4849, 11 bis 20 Bewertungen aufgrund von Beschwerden wegen Diffamierung entfernt.,https://www.google.de/maps/place/Alte+Kanzlei+Stuttgart/data=!4m7!3m6!1s0x4799db3590f66031:0x9cd8cf5a853d3137!8m2!3d48.7774891!4d9.1786788!16s%2Fg%2F11dylytvmj!19sChIJMWD2kDXbmUcRNzE9hVrP2Jw?authuser=0&hl=de&rclk=1,,15.5,ok,,2026-05-07T21:28:08.294Z
restaurant,Gasthaus Bären,2196,2,5,0.16,4.5,4.4944,Zwei bis fünf Bewertungen aufgrund von Beschwerden wegen Diffamierung entfernt.,https://www.google.de/maps/place/Gasthaus+B%C3%A4ren/data=!4m7!3m6!1s0x4799db48b9e4844b:0xa479b8aab3a51499!8m2!3d48.7729805!4d9.169853!16s%2Fg%2F11g6xwx1sh!19sChIJS4TkuUjbmUcRmRSls6q4eaQ?authuser=0&hl=de&rclk=1,,3.5,ok,,2026-05-07T21:27:56.730Z
restaurant,ABACCO'S STEAKHOUSE Stuttgart,7734,0,0,0,4.5,4.5,,https://www.google.de/maps/place/ABACCO%27S+STEAKHOUSE+Stuttgart/data=!4m7!3m6!1s0x4799db49a77bec79:0xeaa36175eb50dff1!8m2!3d48.7746321!4d9.1729111!16s%2Fg%2F11bwf6z62g!19sChIJeex7p0nbmUcR8d9Q63Vho-o?authuser=0&hl=de&rclk=1,,0,ok,,2026-05-07T21:28:07.373Z
restaurant,Amici Stuttgart,693,0,0,0,4.6,4.6,,https://www.google.de/maps/place/Amici+Stuttgart/data=!4m7!3m6!1s0x4799db49fafb9e1b:0x1bb415cf0a586383!8m2!3d48.7832278!4d9.1797723!16s%2Fg%2F11rpp0lj36!19sChIJG577-knbmUcRg2NYCs8VtBs?authuser=0&hl=de&rclk=1,,0,ok,,2026-05-07T21:29:03.398Z
restaurant,Asia-Wok,1615,0,0,0,4.7,4.7,,https://www.google.de/maps/place/Asia-Wok/data=!4m7!3m6!1s0x4799db466b4644bd:0x68bf050524df3c6b!8m2!3d48.7737022!4d9.1670183!16s%2Fg%2F11bbrjthjt!19sChIJvURGa0bbmUcRazzfJAUFv2g?authuser=0&hl=de&rclk=1,,0,ok,,2026-05-07T21:28:57.690Z
restaurant,BANGKOK STATION,169,0,0,0,4.7,4.7,,https://www.google.de/maps/place/BANGKOK+STATION/data=!4m7!3m6!1s0x4799dbd5bdc30bab:0xab5c8d055a8f9d86!8m2!3d48.77171!4d9.17683!16s%2Fg%2F11tms1stl3!19sChIJqwvDvdXbmUcRhp2PWgWNXKs?authuser=0&hl=de&rclk=1,,0,ok,,2026-05-07T23:30:33.613Z
restaurant,Brauhaus Schönbuch,4737,0,0,0,4.1,4.1,,https://www.google.de/maps/place/Brauhaus+Sch%C3%B6nbuch/data=!4m7!3m6!1s0x4799db34248c3e39:0xbd5931e21ba23dc4!8m2!3d48.7803028!4d9.1778349!16s%2Fg%2F1tgnw5hy!19sChIJOT6MJDTbmUcRxD2iG-IxWb0?authuser=0&hl=de&rclk=1,,0,ok,,2026-05-07T23:30:34.541Z
restaurant,Brenner,326,0,0,0,4.7,4.7,,https://www.google.de/maps/place/Brenner/data=!4m7!3m6!1s0x4799c4b524307b19:0xe1a37ba571dc7288!8m2!3d48.7741411!4d9.1825573!16s%2Fg%2F1ts3dld6!19sChIJGXswJLXEmUcRiHLccaV7o-E?authuser=0&hl=de&rclk=1,,0,ok,,2026-05-07T21:28:21.262Z
restaurant,BRUNNER,119,0,0,0,4.7,4.7,,https://www.google.de/maps/place/BRUNNER/data=!4m7!3m6!1s0x4799db0043c74fb1:0xde2601d7a82e9842!8m2!3d48.7749026!4d9.1724793!16s%2Fg%2F11wxcsqmv7!19sChIJsU_HQwDbmUcRQpguqNcBJt4?authuser=0&hl=de&rclk=1,,0,ok,,2026-05-07T21:28:14.813Z
restaurant,Café Topas,146,0,0,0,4.6,4.6,,https://www.google.de/maps/place/Caf%C3%A9+Topas/data=!4m7!3m6!1s0x4799db48369ad645:0xed8982dfac57f65!8m2!3d48.7761517!4d9.1722597!16s%2Fg%2F11h6ngkqcw!19sChIJRdaaNkjbmUcRZX_F-i2Y2A4?authuser=0&hl=de&rclk=1,,0,ok,,2026-05-07T21:28:31.460Z
restaurant,Citizen Long,668,0,0,0,4.2,4.2,,https://www.google.de/maps/place/Citizen+Long/data=!4m7!3m6!1s0x4799dbd744d39879:0xbf840e2299ed4e9!8m2!3d48.7768563!4d9.1776163!16s%2Fg%2F11f8ntgyt6!19sChIJeZjTRNfbmUcR6dSeKeJA-As?authuser=0&hl=de&rclk=1,,0,ok,,2026-05-07T23:30:36.434Z
restaurant,Classic Rock Café,2246,0,0,0,4.4,4.4,,https://www.google.de/maps/place/Classic+Rock+Caf%C3%A9/data=!4m7!3m6!1s0x4799db4bbf91e65b:0x79df3330fb57118f!8m2!3d48.7806755!4d9.1765867!16s%2Fg%2F1tdb374g!19sChIJW-aRv0vbmUcRjxFX-zAz33k?authuser=0&hl=de&rclk=1,,0,ok,,2026-05-07T21:28:36.263Z
restaurant,Claus Eismanufaktur & Deli,1086,0,0,0,4.4,4.4,,https://www.google.de/maps/place/Claus+Eismanufaktur+%26+Deli/data=!4m7!3m6!1s0x4799db4e85f06d83:0xc7532afed1be3737!8m2!3d48.770086!4d9.1727639!16s%2Fg%2F11dxlg4jny!19sChIJg23whU7bmUcRNze-0f4qU8c?authuser=0&hl=de&rclk=1,,0,ok,,2026-05-07T21:28:29.592Z
restaurant,CUBE Restaurant,1979,0,0,0,4.4,4.4,,https://www.google.de/maps/place/CUBE+Restaurant/data=!4m7!3m6!1s0x4799db35c19e79cb:0x669c65ceffec77f1!8m2!3d48.7783889!4d9.1775361!16s%2Fg%2F1tfpnnrg!19sChIJy3mewTXbmUcR8Xfs_85lnGY?authuser=0&hl=de&rclk=1,,0,ok,,2026-05-07T23:30:40.268Z
restaurant,Der Zauberlehrling,454,0,0,0,4.6,4.6,,https://www.google.de/maps/place/Der+Zauberlehrling/data=!4m10!3m9!1s0x4799c4b5040c27b3:0xdbffe7927da7693!5m2!4m1!1i2!8m2!3d48.774074!4d9.1842223!16s%2Fg%2F1tg5t00r!19sChIJsycMBLXEmUcRk3baJ3n-vw0?authuser=0&hl=de&rclk=1,,0,ok,,2026-05-07T21:28:51.091Z
restaurant,Die Metzgerei,1461,0,0,0,4.6,4.6,,https://www.google.de/maps/place/Die+Metzgerei/data=!4m7!3m6!1s0x4799db6a083862a3:0xdc0cc29b04f20857!8m2!3d48.7742446!4d9.1559019!16s%2Fg%2F11c44qjn8g!19sChIJo2I4CGrbmUcRVwjyBJvCDNw?authuser=0&hl=de&rclk=1,,0,ok,,2026-05-07T21:28:27.621Z
restaurant,EArth Tokyo Stuttgart Calwer - Japanese Ramen Restaurant,1428,0,0,0,4.7,4.7,,https://www.google.de/maps/place/EArth+Tokyo+Stuttgart+Calwer+-+Japanese+Ramen+Restaurant/data=!4m7!3m6!1s0x4799dbe5957f3e0b:0xe3aa04873683f04b!8m2!3d48.775168!4d9.1721491!16s%2Fg%2F11smxtcf7n!19sChIJCz5_leXbmUcRS_CDNocEquM?authuser=0&hl=de&rclk=1,,0,ok,,2026-05-07T21:28:26.616Z
restaurant,Efendy's Çiğköfte,124,0,0,0,4.8,4.8,,https://www.google.de/maps/place/Efendy%27s+%C3%87i%C4%9Fk%C3%B6fte/data=!4m7!3m6!1s0x4799db1b8612d425:0x34e2ad54eec64509!8m2!3d48.7716374!4d9.1733409!16s%2Fg%2F11qprnjm3l!19sChIJJdQShhvbmUcRCUXG7lSt4jQ?authuser=0&hl=de&rclk=1,,0,ok,,2026-05-07T21:29:17.296Z
restaurant,Fässle le restaurant,478,0,0,0,4.7,4.7,,https://www.google.de/maps/place/F%C3%A4ssle+le+restaurant/data=!4m7!3m6!1s0x4799dcad42748be9:0x20c941643e965c90!8m2!3d48.7477082!4d9.1711346!16s%2Fg%2F1td70zcd!19sChIJ6Yt0Qq3cmUcRkFyWPmRBySA?authuser=0&hl=de&rclk=1,,0,ok,,2026-05-07T21:28:54.911Z
restaurant,Goldener Adler,741,0,0,0,4.6,4.6,,https://www.google.de/maps/place/Goldener+Adler/data=!4m7!3m6!1s0x4799db59f0a9df83:0xced668c2bba86792!8m2!3d48.7623585!4d9.164331!16s%2Fg%2F1tffhr4r!19sChIJg9-p8FnbmUcRkmeou8Jo1s4?authuser=0&hl=de&rclk=1,,0,ok,,2026-05-07T21:28:02.254Z
restaurant,Hegel Eins,228,0,0,0,5,5,,https://www.google.de/maps/place/Hegel+Eins/data=!4m7!3m6!1s0x4799db3a1fcd33eb:0xe83f6be8cf9c38b7!8m2!3d48.7828159!4d9.1702043!16s%2Fg%2F1td6lmgb!19sChIJ6zPNHzrbmUcRtzicz-hrP-g?authuser=0&hl=de&rclk=1,,0,ok,,2026-05-07T21:29:45.235Z
restaurant,High Fidelity Weinbar und peruanisches Restaurant Stuttgart,403,0,0,0,5,5,,https://www.google.de/maps/place/High+Fidelity+Weinbar+und+peruanisches+Restaurant+Stuttgart/data=!4m7!3m6!1s0x4799c56ecbd6f82d:0x76dcc38b0b2d6aa5!8m2!3d48.7738685!4d9.1833034!16s%2Fg%2F11n1tfnlq8!19sChIJLfjWy27FmUcRpWotC4vD3HY?authuser=0&hl=de&rclk=1,,0,ok,,2026-05-07T21:28:18.680Z
restaurant,Hupperts Restaurant,281,0,0,0,3,3,,https://www.google.de/maps/place/Hupperts+Restaurant/data=!4m7!3m6!1s0x4799db60812f83dd:0x37c0200c38147459!8m2!3d48.7613743!4d9.1514362!16s%2Fg%2F1jgm4l1sk!19sChIJ3YMvgWDbmUcRWXQUOAwgwDc?authuser=0&hl=de&rclk=1,,0,ok,,2026-05-07T21:28:03.093Z
restaurant,Japanisches Restaurant Kurose Stuttgart,1371,0,0,0,4.5,4.5,,https://www.google.de/maps/place/Japanisches+Restaurant+Kurose+Stuttgart/data=!4m7!3m6!1s0x4799db4672ac925d:0xb6a143dff14e2435!8m2!3d48.7733051!4d9.1668801!16s%2Fg%2F1hc66qbrv!19sChIJXZKsckbbmUcRNSRO8d9DobY?authuser=0&hl=de&rclk=1,,0,ok,,2026-05-07T21:28:25.704Z
restaurant,Kleinschmeckerei,229,0,0,0,5,5,,https://www.google.de/maps/place/Kleinschmeckerei/data=!4m7!3m6!1s0x4799c4cdb03f7399:0xc974a7a8baec70a0!8m2!3d48.7837843!4d9.1894469!16s%2Fg%2F1q64c_d74!19sChIJmXM_sM3EmUcRoHDsuqindMk?authuser=0&hl=de&rclk=1,,0,ok,,2026-05-07T21:29:38.450Z
restaurant,Kuchenliebe,376,0,0,0,5,5,,https://www.google.de/maps/place/Kuchenliebe/data=!4m7!3m6!1s0x4799db0c7d4ffa1f:0x1a90d19b6288a38a!8m2!3d48.770397!4d9.1584315!16s%2Fg%2F11h7t86_7_!19sChIJH_pPfQzbmUcRiqOIYpvRkBo?authuser=0&hl=de&rclk=1,,0,ok,,2026-05-07T21:29:13.678Z
restaurant,Kwan Kao - Taste of Thailand,730,0,0,0,4.7,4.7,,https://www.google.de/maps/place/Kwan+Kao+-+Taste+of+Thailand/data=!4m7!3m6!1s0x4799c4cbbb8735bf:0x62da035856cb275d!8m2!3d48.779463!4d9.187654!16s%2Fg%2F11c14x4m5q!19sChIJvzWHu8vEmUcRXSfLVlgD2mI?authuser=0&hl=de&rclk=1,,0,ok,,2026-05-07T23:30:41.140Z
restaurant,L.A. Signorina,2289,0,0,0,4.3,4.3,,https://www.google.de/maps/place/L.A.+Signorina/data=!4m7!3m6!1s0x4799db50ffb30bc7:0xfc3781a21816354f!8m2!3d48.7646037!4d9.1688788!16s%2Fg%2F11b6hvz2by!19sChIJxwuz_1DbmUcRTzUWGKKBN_w?authuser=0&hl=de&rclk=1,,0,ok,,2026-05-07T21:28:19.551Z
restaurant,La Casa Del Gusto,280,0,0,0,4.6,4.6,,https://www.google.de/maps/place/La+Casa+Del+Gusto/data=!4m7!3m6!1s0x4799db46137de17f:0xe189a8f5a7e86aee!8m2!3d48.7734434!4d9.1671755!16s%2Fg%2F1tvdhrqn!19sChIJf-F9E0bbmUcR7mrop_WoieE?authuser=0&hl=de&rclk=1,,0,ok,,2026-05-07T21:28:20.407Z
restaurant,LALA Health Bar & Café,246,0,0,0,4.3,4.3,,https://www.google.de/maps/place/LALA+Health+Bar+%26+Caf%C3%A9/data=!4m7!3m6!1s0x4799db49b475cf4b:0x2dff58cebb4007ef!8m2!3d48.7717541!4d9.1729737!16s%2Fg%2F11dxs1jcbl!19sChIJS891tEnbmUcR7wdAu85Y_y0?authuser=0&hl=de&rclk=1,,0,ok,,2026-05-07T23:30:37.443Z
restaurant,Levante,567,0,0,0,4.8,4.8,,https://www.google.de/maps/place/Levante/data=!4m7!3m6!1s0x4799dbd14a487881:0xacb30e4028f94794!8m2!3d48.7728337!4d9.1600659!16s%2Fg%2F11kbwvzwcv!19sChIJgXhIStHbmUcRlEf5KEAOs6w?authuser=0&hl=de&rclk=1,,0,ok,,2026-05-07T21:27:55.761Z
restaurant,Little Italy,488,0,0,0,4.7,4.7,,https://www.google.de/maps/place/Little+Italy/data=!4m7!3m6!1s0x4799db53b8b849d1:0xe7f49f20a579caed!8m2!3d48.7635505!4d9.1734992!16s%2Fg%2F11cktgtvhf!19sChIJ0Um4uFPbmUcR7cp5pSCf9Oc?authuser=0&hl=de&rclk=1,,0,ok,,2026-05-07T21:28:58.598Z
restaurant,Mala Town Stuttgart 麻辣烫,688,0,0,0,4.6,4.6,,https://www.google.de/maps/place/Mala+Town+Stuttgart+%E9%BA%BB%E8%BE%A3%E7%83%AB/data=!4m7!3m6!1s0x4799dba5ac2e169b:0x4031805ed1866903!8m2!3d48.77031!4d9.16047!16s%2Fg%2F11rwrw6g2b!19sChIJmxYurKXbmUcRA2mG0V6AMUA?authuser=0&hl=de&rclk=1,,0,ok,,2026-05-07T21:27:57.674Z
restaurant,Mandu,1757,0,0,0,4.6,4.6,,https://www.google.de/maps/place/Mandu/data=!4m7!3m6!1s0x4799db38739b364d:0x3072e926014326af!8m2!3d48.777978!4d9.168118!16s%2Fg%2F11b69_5s34!19sChIJTTabczjbmUcRryZDASbpcjA?authuser=0&hl=de&rclk=1,,0,ok,,2026-05-07T21:29:22.774Z
restaurant,Mauritius Restaurant Stuttgart-Mitte,2565,0,0,0,5,5,,https://www.google.de/maps/place/Mauritius+Restaurant+Stuttgart-Mitte/data=!4m7!3m6!1s0x4799db4915582039:0x4deaafc1ef7e0a4!8m2!3d48.780051!4d9.1758928!16s%2Fg%2F1tgr_xd6!19sChIJOSBYFUnbmUcRpOD3Hvyq3gQ?authuser=0&hl=de&rclk=1,,0,ok,,2026-05-07T21:28:05.683Z
restaurant,Nane,287,0,0,0,4.5,4.5,,https://www.google.de/maps/place/Nane/data=!4m7!3m6!1s0x4799dbed82f526f3:0x5da3ef70f28e2c30!8m2!3d48.7642701!4d9.1665219!16s%2Fg%2F11gr2c3mph!19sChIJ8yb1gu3bmUcRMCyO8nDvo10?authuser=0&hl=de&rclk=1,,0,ok,,2026-05-07T21:28:16.722Z
restaurant,Ochs'n Willi,6235,0,0,0,4.4,4.4,,https://www.google.de/maps/place/Ochs%27n+Willi/data=!4m7!3m6!1s0x4799db35e7ef0543:0xa9cbb2774e279e7a!8m2!3d48.7780759!4d9.176918!16s%2Fg%2F1w96fq4f!19sChIJQwXv5zXbmUcRep4nTneyy6k?authuser=0&hl=de&rclk=1,,0,ok,,2026-05-07T21:28:22.173Z
restaurant,Onkel Otto Marienplatz,2440,0,0,0,4.4,4.4,,https://www.google.de/maps/place/Onkel+Otto+Marienplatz/data=!4m7!3m6!1s0x4799db509c0d9cb9:0xfe07fdbfcb955c86!8m2!3d48.7642463!4d9.1659734!16s%2Fg%2F11b7rxkzmv!19sChIJuZwNnFDbmUcRhlyVy7_9B_4?authuser=0&hl=de&rclk=1,,0,ok,,2026-05-07T21:27:52.983Z
restaurant,Pane E Vino,684,0,0,0,4.4,4.4,,https://www.google.de/maps/place/Pane+E+Vino/data=!4m7!3m6!1s0x4799db4bb181d967:0x6a954bb22549a8f8!8m2!3d48.7740977!4d9.1772008!16s%2Fg%2F1tczp9ym!19sChIJZ9mBsUvbmUcR-KhJJbJLlWo?authuser=0&hl=de&rclk=1,,0,ok,,2026-05-07T21:28:54.006Z
restaurant,Paulaner am alten Postplatz,4162,0,0,0,4.4,4.4,,https://www.google.de/maps/place/Paulaner+am+alten+Postplatz/data=!4m7!3m6!1s0x4799db49a9412875:0xd4286a6aed8a37e3!8m2!3d48.7748725!4d9.1729146!16s%2Fg%2F1thxk0jq!19sChIJdShBqUnbmUcR4zeK7WpqKNQ?authuser=0&hl=de&rclk=1,,0,ok,,2026-05-07T21:28:11.024Z
restaurant,"Piano Restaurant & Cocktail Bar ""LYSDORSS""",192,0,0,0,4.6,4.6,,https://www.google.de/maps/place/Piano+Restaurant+%26+Cocktail+Bar+%22LYSDORSS%22/data=!4m7!3m6!1s0x4799db342ad5a993:0xd2d4ea54ffeb7e66!8m2!3d48.7719318!4d9.155397!16s%2Fg%2F11h1k13pj!19sChIJk6nVKjTbmUcRZn7r_1Tq1NI?authuser=0&hl=de&rclk=1,,0,ok,,2026-05-07T21:28:45.834Z
restaurant,Plenum - Stuttgart,1007,0,0,0,4.3,4.3,,https://www.google.de/maps/place/Plenum+-+Stuttgart/data=!4m7!3m6!1s0x4799c4cb247f6237:0x653753767df8038f!8m2!3d48.778697!4d9.183194!16s%2Fg%2F1tf4c_dk!19sChIJN2J_JMvEmUcRjwP4fXZTN2U?authuser=0&hl=de&rclk=1,,0,ok,,2026-05-07T23:30:32.764Z
restaurant,Restaurant - Bar - Bernstein,525,0,0,0,4.2,4.2,,https://www.google.de/maps/place/Restaurant+-+Bar+-+Bernstein/data=!4m7!3m6!1s0x4799c4b4d04a9ccf:0x4b17c1ed3906f726!8m2!3d48.7733294!4d9.1819702!16s%2Fg%2F1tlkbbd_!19sChIJz5xK0LTEmUcRJvcGOe3BF0s?authuser=0&hl=de&rclk=1,,0,ok,,2026-05-07T21:28:42.168Z
restaurant,Restaurant “Zum Ackerbürger“ - Stuttgart,1396,0,0,0,4.7,4.7,,https://www.google.de/maps/place/Restaurant+%E2%80%9CZum+Ackerb%C3%BCrger%E2%80%9C+-+Stuttgart/data=!4m7!3m6!1s0x4799c53d6d2dd1cb:0xde9de3b862f96565!8m2!3d48.8059329!4d9.2161526!16s%2Fg%2F1tjfft5m!19sChIJy9EtbT3FmUcRZWX5Yrjjnd4?authuser=0&hl=de&rclk=1,,0,ok,,2026-05-07T21:28:03.891Z
restaurant,Restaurant Délice,180,0,0,0,4.9,4.9,,https://www.google.de/maps/place/Restaurant+D%C3%A9lice/data=!4m7!3m6!1s0x4799db4c43f790b7:0x3aeff97f531ad475!8m2!3d48.7702979!4d9.1762544!16s%2Fg%2F1tdmp0c2!19sChIJt5D3Q0zbmUcRddQaU3_57zo?authuser=0&hl=de&rclk=1,,0,ok,,2026-05-07T21:27:59.607Z
restaurant,Restaurant Im Künstlerhaus Stuttgart,711,0,0,0,4.6,4.6,,https://www.google.de/maps/place/Restaurant+Im+K%C3%BCnstlerhaus+Stuttgart/data=!4m7!3m6!1s0x4799db0eb7436095:0x4d9c4aab6d739636!8m2!3d48.76934!4d9.16112!16s%2Fg%2F120wkkyj!19sChIJlWBDtw7bmUcRNpZzbatKnE0?authuser=0&hl=de&rclk=1,,0,ok,,2026-05-07T21:27:53.892Z
restaurant,Restaurant Kicho,1377,0,0,0,5,5,,https://www.google.de/maps/place/Restaurant+Kicho/data=!4m7!3m6!1s0x4799c4b36007ee0d:0xc4dafd192c8985bf!8m2!3d48.7715027!4d9.1821552!16s%2Fg%2F1tc__fpy!19sChIJDe4HYLPEmUcRv4WJLBn92sQ?authuser=0&hl=de&rclk=1,,0,ok,,2026-05-07T21:29:32.978Z
restaurant,Restaurant Meister Lampe,256,0,0,0,4.7,4.7,,https://www.google.de/maps/place/Restaurant+Meister+Lampe/data=!4m7!3m6!1s0x4799da393c94211f:0x51c47ca0de4954ee!8m2!3d48.816216!4d9.1139411!16s%2Fg%2F1trvkdbk!19sChIJHyGUPDnamUcR7lRJ3qB8xFE?authuser=0&hl=de&rclk=1,,0,ok,,2026-05-07T23:30:31.846Z
restaurant,Restaurant Nagare,197,0,0,0,1,1,,https://www.google.de/maps/place/Restaurant+Nagare/data=!4m7!3m6!1s0x4799dbd56360a3b7:0xc93e83fc48ab30dc!8m2!3d48.8062232!4d9.1560328!16s%2Fg%2F11m_z0z0lj!19sChIJt6NgY9XbmUcR3DCrSPyDPsk?authuser=0&hl=de&rclk=1,,0,ok,,2026-05-07T21:28:52.041Z
restaurant,Restaurant Tauberquelle,1430,0,0,0,4.4,4.4,,https://www.google.de/maps/place/Restaurant+Tauberquelle/data=!4m7!3m6!1s0x4799db4b9085bad7:0xb7cb298736390a88!8m2!3d48.7725012!4d9.1770732!16s%2Fg%2F1thz0mth!19sChIJ17qFkEvbmUcRiAo5Nocpy7c?authuser=0&hl=de&rclk=1,,0,ok,,2026-05-07T21:28:09.200Z
restaurant,Ristorante La Fenice Stuttgart,241,0,0,0,4.3,4.3,,https://www.google.de/maps/place/Ristorante+La+Fenice+Stuttgart/data=!4m7!3m6!1s0x4799db4857047cbb:0xb3c4763248dfd16d!8m2!3d48.7740848!4d9.1714255!16s%2Fg%2F1tdkqryn!19sChIJu3wEV0jbmUcRbdHfSDJ2xLM?authuser=0&hl=de&rclk=1,,0,ok,,2026-05-07T23:30:43.895Z
restaurant,Roberts Stuttgart,750,0,0,0,3,3,,https://www.google.de/maps/place/Roberts+Stuttgart/data=!4m7!3m6!1s0x4799db005f6bb05b:0x4440f2ddf9e2d002!8m2!3d48.7794653!4d9.1683315!16s%2Fg%2F11y5_n8y3v!19sChIJW7BrXwDbmUcRAtDi-d3yQEQ?authuser=0&hl=de&rclk=1,,0,ok,,2026-05-07T21:28:56.743Z
restaurant,Rotenberger Weingärtle,2224,0,0,0,4.6,4.6,,https://www.google.de/maps/place/Rotenberger+Weing%C3%A4rtle/data=!4m7!3m6!1s0x4799c4310c9ff17f:0x97e88f91db9ce170!8m2!3d48.7831376!4d9.2711671!16s%2Fg%2F1tp_5bqx!19sChIJf_GfDDHEmUcRcOGc25GP6Jc?authuser=0&hl=de&rclk=1,,0,ok,,2026-05-07T21:28:37.225Z
restaurant,Ruben’s Bar Bistro Lounge,453,0,0,0,4.5,4.5,,https://www.google.de/maps/place/Ruben%E2%80%99s+Bar+Bistro+Lounge/data=!4m7!3m6!1s0x4799db4bbaf0265d:0xb3ad2e16db01512b!8m2!3d48.773494!4d9.1773176!16s%2Fg%2F1tf6_xgz!19sChIJXSbwukvbmUcRK1EB2xYurbM?authuser=0&hl=de&rclk=1,,0,ok,,2026-05-07T21:28:41.287Z
restaurant,Safran Restaurant Stuttgart,945,0,0,0,4.3,4.3,,https://www.google.de/maps/place/Safran+Restaurant+Stuttgart/data=!4m7!3m6!1s0x4799db4b6f5b194f:0x6999cb9db5fc408d!8m2!3d48.7771731!4d9.1654767!16s%2Fg%2F11c1wx5048!19sChIJTxlbb0vbmUcRjUD8tZ3LmWk?authuser=0&hl=de&rclk=1,,0,ok,,2026-05-07T23:30:42.007Z
restaurant,Sansibar by Breuninger Stuttgart,789,0,0,0,4.1,4.1,,https://www.google.de/maps/place/Sansibar+by+Breuninger+Stuttgart/data=!4m7!3m6!1s0x4799db4ac1e7481f:0x6f59c4a3c8d7aa95!8m2!3d48.7750944!4d9.1803025!16s%2Fg%2F11dybgzbmg!19sChIJH0jnwUrbmUcRlarXyKPEWW8?authuser=0&hl=de&rclk=1,,0,ok,,2026-05-07T23:30:30.795Z
restaurant,Sardine Weinbar & Feinkost,205,0,0,0,4.8,4.8,,https://www.google.de/maps/place/Sardine+Weinbar+%26+Feinkost/data=!4m7!3m6!1s0x4799db0e66d26e63:0x5c3c7acf8cd8ea05!8m2!3d48.7738261!4d9.1814744!16s%2Fg%2F11k58pyrcb!19sChIJY27SZg7bmUcRBerYjM96PFw?authuser=0&hl=de&rclk=1,,0,ok,,2026-05-07T21:28:13.940Z
restaurant,Schellenturm Stuttgart,705,0,0,0,4.5,4.5,,https://www.google.de/maps/place/Schellenturm+Stuttgart/data=!4m7!3m6!1s0x4799c4b4ef5f8d43:0x85bf5773d3c8db1d!8m2!3d48.7731486!4d9.1834075!16s%2Fg%2F1hc0qp6c5!19sChIJQ41f77TEmUcRHdvI03NXv4U?authuser=0&hl=de&rclk=1,,0,ok,,2026-05-07T23:30:43.015Z
restaurant,Schlachthof Stuttgart,1696,0,0,0,4.6,4.6,,https://www.google.de/maps/place/Schlachthof+Stuttgart/data=!4m7!3m6!1s0x4799c4e5b12d69cd:0x406e3553adc85d3f!8m2!3d48.785755!4d9.2197854!16s%2Fg%2F1vxvgtw9!19sChIJzWktseXEmUcRP13IrVM1bkA?authuser=0&hl=de&rclk=1,,0,ok,,2026-05-07T23:30:47.618Z
restaurant,Schweizers Restaurant,263,0,0,0,4.9,4.9,,https://www.google.de/maps/place/Schweizers+Restaurant/data=!4m7!3m6!1s0x4799db529584d54d:0x742ecda12283096!8m2!3d48.76561!4d9.17724!16s%2Fg%2F11bzyqqyjw!19sChIJTdWElVLbmUcRljAoEtrsQgc?authuser=0&hl=de&rclk=1,,0,ok,,2026-05-07T21:28:06.456Z
restaurant,Sen Kitchen,641,0,0,0,5,5,,https://www.google.de/maps/place/Sen+Kitchen/data=!4m7!3m6!1s0x4799db426abab5dd:0xe6ad03b27517c6d5!8m2!3d48.7719619!4d9.1569514!16s%2Fg%2F11f2gsj4ck!19sChIJ3bW6akLbmUcR1cYXdbIDreY?authuser=0&hl=de&rclk=1,,0,ok,,2026-05-07T21:28:38.280Z
restaurant,Sophie’s Brauhaus,2012,0,0,0,4.3,4.3,,https://www.google.de/maps/place/Sophie%E2%80%99s+Brauhaus/data=!4m7!3m6!1s0x4799db493abe41c1:0xa826fba180764a0a!8m2!3d48.77302!4d9.17231!16s%2Fg%2F1vvyx0zn!19sChIJwUG-OknbmUcRCkp2gKH7Jqg?authuser=0&hl=de&rclk=1,,0,ok,,2026-05-07T21:28:13.032Z
restaurant,Soy Club Vegan Restaurant,761,0,0,0,4.7,4.7,,https://www.google.de/maps/place/Soy+Club+Vegan+Restaurant/data=!4m7!3m6!1s0x4799dbd440e42c13:0xbf1c917ff2d94f9c!8m2!3d48.7754284!4d9.1587688!16s%2Fg%2F11svpbdwrt!19sChIJEyzkQNTbmUcRnE_Z8n-RHL8?authuser=0&hl=de&rclk=1,,0,ok,,2026-05-07T23:30:35.484Z
restaurant,Speisekammer West,577,0,0,0,4.6,4.6,,https://www.google.de/maps/place/Speisekammer+West/data=!4m7!3m6!1s0x4799db6adf452327:0x1ff5d557c92b5cca!8m2!3d48.7777774!4d9.1540726!16s%2Fg%2F11xdrh99f!19sChIJJyNF32rbmUcRylwryVfV9R8?authuser=0&hl=de&rclk=1,,0,ok,,2026-05-07T21:28:39.310Z
restaurant,Sportcafé Carambolage in Stuttgart am Feuersee - Stuttgart,1021,0,0,0,4.1,4.1,,https://www.google.de/maps/place/Sportcaf%C3%A9+Carambolage+in+Stuttgart+am+Feuersee+-+Stuttgart/data=!4m7!3m6!1s0x4799db45cc67427f:0xb5b188c1ba57eb44!8m2!3d48.7719608!4d9.1654707!16s%2Fg%2F1thxpl_b!19sChIJf0JnzEXbmUcRROtXusGIsbU?authuser=0&hl=de&rclk=1,,0,ok,,2026-05-07T21:28:50.049Z
restaurant,Stuttgarter Stäffele,1272,0,0,0,4.4,4.4,,https://www.google.de/maps/place/Stuttgarter+St%C3%A4ffele/data=!4m7!3m6!1s0x4799db45eb0b94cf:0xe85a979ef9599be5!8m2!3d48.7713592!4d9.1667111!16s%2Fg%2F1238m2s_!19sChIJz5QL60XbmUcR5ZtZ-Z6XWug?authuser=0&hl=de&rclk=1,,0,ok,,2026-05-07T21:27:50.852Z
restaurant,Taverna - Feine Griechische Küche,953,0,0,0,4.6,4.6,,https://www.google.de/maps/place/Taverna+-+Feine+Griechische+K%C3%BCche/data=!4m7!3m6!1s0x4799db5ccd54551d:0x46a88ee348d9555e!8m2!3d48.7681756!4d9.1579983!16s%2Fg%2F11c0x8n4nd!19sChIJHVVUzVzbmUcRXlXZSOOOqEY?authuser=0&hl=de&rclk=1,,0,ok,,2026-05-07T21:28:10.089Z
restaurant,Tay Ho,596,0,0,0,4.6,4.6,,https://www.google.de/maps/place/Tay+Ho/data=!4m7!3m6!1s0x4799db4af84ec0b7:0xd8e52aac7e809da7!8m2!3d48.7744755!4d9.1790521!16s%2Fg%2F1tgfp2hr!19sChIJt8BO-ErbmUcRp52Afqwq5dg?authuser=0&hl=de&rclk=1,,0,ok,,2026-05-07T23:30:45.752Z
restaurant,TGF Pizza Stuttgart-West,428,0,0,0,1,1,,https://www.google.de/maps/place/TGF+Pizza+Stuttgart-West/data=!4m7!3m6!1s0x4799db44501a98d3:0x1431e35131dc1054!8m2!3d48.7708646!4d9.1639055!16s%2Fg%2F1th1s_zx!19sChIJ05gaUETbmUcRVBDcMVHjMRQ?authuser=0&hl=de&rclk=1,,0,ok,,2026-05-07T21:28:28.550Z
restaurant,That's Amore | Italo-American Restaurant & Steakhouse,386,0,0,0,4.3,4.3,,https://www.google.de/maps/place/That%27s+Amore+%7C+Italo-American+Restaurant+%26+Steakhouse/data=!4m7!3m6!1s0x4799db2abf52c887:0x368663b81f7c25fe!8m2!3d48.7758112!4d9.1742689!16s%2Fg%2F11w9hb3vy8!19sChIJh8hSvyrbmUcR_iV8H7hjhjY?authuser=0&hl=de&rclk=1,,0,ok,,2026-05-07T21:28:44.908Z
restaurant,tobi’s Restaurant,1439,0,0,0,4.3,4.3,,https://www.google.de/maps/place/tobi%E2%80%99s+Restaurant/data=!4m7!3m6!1s0x4799db34262e96d7:0xe3972e58d9fd7e53!8m2!3d48.7799174!4d9.1771878!16s%2Fg%2F11f50hh_20!19sChIJ15YuJjTbmUcRU3792Vgul-M?authuser=0&hl=de&rclk=1,,0,ok,,2026-05-07T23:30:51.807Z
restaurant,Trattoria Da Franco,359,0,0,0,4,4,,https://www.google.de/maps/place/Trattoria+Da+Franco/data=!4m7!3m6!1s0x4799db49e8549339:0x4de2d8d833a5e253!8m2!3d48.7762746!4d9.1739182!16s%2Fg%2F11gb3z9bd3!19sChIJOZNU6EnbmUcRU-KlM9jY4k0?authuser=0&hl=de&rclk=1,,0,ok,,2026-05-07T23:30:46.674Z
restaurant,Trattoria Riva,749,0,0,0,4.2,4.2,,https://www.google.de/maps/place/Trattoria+Riva/data=!4m7!3m6!1s0x4799db443e3ae885:0x3edb90ad9e274c33!8m2!3d48.7716602!4d9.1633442!16s%2Fg%2F1tnbk2v_!19sChIJheg6PkTbmUcRM0wnnq2Q2z4?authuser=0&hl=de&rclk=1,,0,ok,,2026-05-07T21:28:35.293Z
restaurant,Umami Ramen Stuttgart,2777,0,0,0,4.6,4.6,,https://www.google.de/maps/place/Umami+Ramen+Stuttgart/data=!4m7!3m6!1s0x4799db4bf314cc85:0x6efdf7a9b46e9670!8m2!3d48.7730683!4d9.177499!16s%2Fg%2F11mhlhy9yb!19sChIJhcwU80vbmUcRcJZutKn3_W4?authuser=0&hl=de&rclk=1,,0,ok,,2026-05-07T21:28:15.783Z
restaurant,Vegi Stuttgart,1934,0,0,0,4.5,4.5,,https://www.google.de/maps/place/Vegi+Stuttgart/data=!4m7!3m6!1s0x4799db4bb8706c3f:0x73beffe1cf8b5959!8m2!3d48.7736199!4d9.1766952!16s%2Fg%2F1vc_p9sd!19sChIJP2xwuEvbmUcRWVmLz-H_vnM?authuser=0&hl=de&rclk=1,,0,ok,,2026-05-07T23:30:44.835Z
restaurant,Weinstube Fröhlich,498,0,0,0,4.5,4.5,,https://www.google.de/maps/place/Weinstube+Fr%C3%B6hlich/data=!4m7!3m6!1s0x4799db4b4348ce05:0xed83a234e097972d!8m2!3d48.7721768!4d9.1798566!16s%2Fg%2F1tfqkbrg!19sChIJBc5IQ0vbmUcRLZeX4DSig-0?authuser=0&hl=de&rclk=1,,0,ok,,2026-05-07T21:28:32.423Z
restaurant,Weinstube Kachelofen,2149,0,0,0,4.5,4.5,,https://www.google.de/maps/place/Weinstube+Kachelofen/data=!4m7!3m6!1s0x4799db4ba7a7532f:0x24cea3ac59ed755a!8m2!3d48.7735284!4d9.1775546!16s%2Fg%2F1tdl0jfv!19sChIJL1Onp0vbmUcRWnXtWayjziQ?authuser=0&hl=de&rclk=1,,0,ok,,2026-05-07T21:27:58.726Z
restaurant,Weinstube Zur Kiste,784,0,0,0,4.7,4.7,,https://www.google.de/maps/place/Weinstube+Zur+Kiste/data=!4m7!3m6!1s0x4799c4b5477afb4f:0xea6bea1959cb0b2c!8m2!3d48.77512!4d9.18304!16s%2Fg%2F1wf37kkd!19sChIJT_t6R7XEmUcRLAvLWRnqa-o?authuser=0&hl=de&rclk=1,,0,ok,,2026-05-07T21:28:53.008Z
restaurant,Wielandshöhe,784,0,0,0,4.5,4.5,,https://www.google.de/maps/place/Wielandsh%C3%B6he/data=!4m7!3m6!1s0x4799db55f781f76b:0x115a58f0eba09d26!8m2!3d48.7573!4d9.1706226!16s%2Fg%2F1tg671n9!19sChIJa_eB91XbmUcRJp2g6_BYWhE?authuser=0&hl=de&rclk=1,,0,ok,,2026-05-07T23:30:29.636Z
restaurant,Wilma Wunder Stuttgart,2699,0,0,0,4.2,4.2,,https://www.google.de/maps/place/Wilma+Wunder+Stuttgart/data=!4m7!3m6!1s0x4799dbaa7bae7f3b:0xd290613f570c4291!8m2!3d48.77445!4d9.1722868!16s%2Fg%2F11h4fhr8lw!19sChIJO3-ue6rbmUcRkUIMVz9hkNI?authuser=0&hl=de&rclk=1,,0,ok,,2026-05-07T21:28:12.032Z
